algorithm,time,path_length,nodes,obstacles_percent
a_star,0.5749719142913818,22,400,0.05
a_star,0.38554906845092773,24,672,0.1
a_star,0.7235872745513916,45,783,0.05
a_star,0.4807734489440918,30,1504,0.05
a_star,0.803523063659668,50,817,0.05
bfs,0.3045189380645752,19,720,0.1
bfs,0.2729659080505371,17,345,0.25
bfs,0.7687900066375732,48,2352,0.25
bfs,0.6919920444488525,43,799,0.1
bfs,0.8642706871032715,54,1254,0.25
dfs,3.530832052230835,214,345,0.1
dfs,4.122803211212158,256,600,0.25
dfs,19.53329372406006,1215,1610,0.05
dfs,15.837297439575195,984,1560,0.05
dfs,6.236445903778076,388,629,0.1
bell_ford,0.38233184814453125,18,340,0.05
bell_ford,2.24198579788208,42,1323,0.05
bell_ford,0.5305678844451904,27,425,0.25
bell_ford,0.7949118614196777,23,672,0.05
bell_ford,2.395376682281494,47,1404,0.1
a_star,0.46393489837646484,29,400,0.05
a_star,0.47162294387817383,29,495,0.1
a_star,0.5622663497924805,35,1443,0.25
a_star,0.6272389888763428,39,750,0.05
a_star,0.2418994903564453,15,500,0.05
a_star,0.48546409606933594,30,576,0.05
a_star,0.6602656841278076,41,1530,0.1
a_star,0.2409534454345703,15,156,0.05
a_star,0.3376655578613281,21,620,0.25
a_star,0.5018467903137207,31,448,0.05
a_star,0.9947240352630615,61,1440,0.05
a_star,0.3225820064544678,20,216,0.1
a_star,0.38706374168395996,24,270,0.05
bfs,0.5294167995452881,33,1512,0.25
bfs,0.5139133930206299,32,570,0.1
bfs,0.7397506237030029,46,1680,0.25
bfs,0.2571983337402344,16,646,0.05
bfs,0.2726292610168457,17,945,0.1
bfs,0.498929500579834,31,1054,0.05
bfs,0.4841117858886719,30,1081,0.05
bfs,0.6917002201080322,43,1008,0.1
bfs,0.2581338882446289,16,380,0.1
bfs,0.43535804748535156,27,1763,0.1
bfs,0.6929483413696289,43,968,0.1
bfs,0.22599148750305176,14,216,0.1
bfs,0.19217658042907715,12,465,0.05
dfs,17.98301672935486,1114,1323,0.05
dfs,11.741445541381836,728,1110,0.05
dfs,2.449291467666626,152,364,0.25
dfs,8.490047931671143,526,1089,0.25
dfs,12.38464069366455,768,1080,0.05
dfs,11.573277473449707,718,1080,0.1
dfs,6.32907247543335,392,475,0.05
dfs,17.10600709915161,1063,1470,0.1
dfs,4.094068288803101,254,364,0.1
dfs,6.786386013031006,421,560,0.1
dfs,1.68052077293396,104,400,0.25
dfs,10.736642599105835,665,805,0.05
bell_ford,0.7767031192779541,37,525,0.05
bell_ford,1.4092199802398682,52,952,0.1
bell_ford,0.6488375663757324,32,465,0.05
bell_ford,0.4852137565612793,27,319,0.1
bell_ford,1.055406093597412,48,644,0.05
bell_ford,1.582038402557373,48,1104,0.1
bell_ford,0.9285764694213867,46,540,0.05
bell_ford,0.327878475189209,14,414,0.05
bell_ford,1.4271860122680664,29,1216,0.1
bell_ford,0.7573287487030029,34,720,0.25
bell_ford,1.612945795059204,29,1287,0.05
bell_ford,1.4339008331298828,40,1144,0.1
a_star,0.4494204521179199,28,400,0.05
a_star,0.7382173538208008,46,1715,0.25
a_star,0.7064721584320068,44,950,0.05
a_star,0.3052554130554199,19,209,0.1
a_star,0.22353839874267578,14,660,0.05
a_star,0.20903515815734863,13,408,0.25
a_star,0.9959945678710938,62,1800,0.25
a_star,0.8404016494750977,52,1558,0.05
a_star,0.6762537956237793,42,1323,0.1
a_star,0.11222672462463379,7,221,0.1
a_star,0.9500157833099365,59,1610,0.05
a_star,0.34002113342285156,21,414,0.05
a_star,0.33832335472106934,21,323,0.1
a_star,0.3853189945220947,24,672,0.05
a_star,0.353701114654541,22,266,0.05
a_star,0.49768853187561035,31,1012,0.1
a_star,0.6124732494354248,38,756,0.25
a_star,0.35608673095703125,22,1598,0.05
a_star,0.6398420333862305,40,1054,0.25
a_star,0.9340872764587402,58,1786,0.1
a_star,0.6914877891540527,43,686,0.25
a_star,0.5633895397186279,35,1147,0.05
a_star,0.2580399513244629,16,377,0.05
a_star,0.24156641960144043,15,130,0.1
a_star,0.6326119899749756,39,957,0.25
a_star,0.3390376567840576,21,640,0.1
a_star,0.3210461139678955,20,408,0.05
a_star,0.8389158248901367,52,1632,0.05
a_star,0.33708858489990234,21,300,0.05
a_star,0.6918058395385742,43,1548,0.05
a_star,0.3211348056793213,20,384,0.05
a_star,0.3537428379058838,22,1364,0.1
a_star,0.14360642433166504,9,130,0.05
a_star,0.4072761535644531,25,1032,0.05
a_star,0.4346189498901367,27,800,0.1
a_star,0.27319788932800293,17,276,0.1
a_star,0.5304369926452637,33,893,0.05
a_star,0.24132275581359863,15,264,0.05
a_star,0.5794386863708496,36,286,0.25
a_star,0.6750123500823975,42,1440,0.1
a_star,0.582629919052124,36,1189,0.05
a_star,0.5162942409515381,32,1551,0.1
a_star,0.562568187713623,35,495,0.1
a_star,0.4190971851348877,26,560,0.1
a_star,0.9292383193969727,58,1196,0.25
a_star,0.6597568988800049,41,731,0.1
a_star,0.5951187610626221,37,950,0.25
a_star,0.35350561141967773,22,286,0.1
a_star,0.5964670181274414,37,1564,0.05
a_star,0.46858668327331543,29,754,0.1
a_star,0.4519035816192627,28,1564,0.1
a_star,0.1785120964050293,11,561,0.05
a_star,0.5306441783905029,33,533,0.05
a_star,0.43221068382263184,27,518,0.25
a_star,0.36896228790283203,23,242,0.05
a_star,0.3737773895263672,23,255,0.25
a_star,0.6590683460235596,41,2256,0.1
a_star,0.6782629489898682,42,1845,0.05
a_star,0.6432881355285645,40,2352,0.1
a_star,0.6748826503753662,42,1404,0.05
a_star,0.8545129299163818,53,1000,0.1
a_star,0.5939309597015381,37,946,0.05
a_star,0.45145416259765625,28,310,0.25
a_star,0.8512072563171387,53,550,0.05
a_star,0.8684849739074707,54,1638,0.05
a_star,0.43458104133605957,27,1332,0.1
a_star,0.24054884910583496,15,144,0.25
a_star,0.35335278511047363,22,1176,0.05
a_star,0.7242460250854492,45,1480,0.25
a_star,0.7768776416778564,48,960,0.1
a_star,0.43361711502075195,27,330,0.1
a_star,0.5151889324188232,32,405,0.1
a_star,0.3369104862213135,21,308,0.1
a_star,0.6301796436309814,39,792,0.1
a_star,0.2740206718444824,17,324,0.1
a_star,0.35639286041259766,22,513,0.1
a_star,0.3865232467651367,24,275,0.1
a_star,0.7550599575042725,47,1536,0.25
a_star,0.32205867767333984,20,544,0.05
a_star,0.532517671585083,33,1575,0.05
a_star,0.6453273296356201,40,585,0.1
a_star,0.16234683990478516,10,209,0.1
a_star,0.11229062080383301,7,420,0.05
a_star,0.6264591217041016,39,1023,0.25
a_star,0.20975041389465332,13,304,0.1
a_star,0.5341320037841797,33,899,0.25
a_star,0.7382867336273193,46,752,0.25
a_star,0.5140721797943115,32,1050,0.25
a_star,0.22421669960021973,14,627,0.1
a_star,0.8387799263000488,52,1225,0.1
a_star,0.41724419593811035,26,616,0.1
a_star,0.9207644462585449,57,1849,0.1
a_star,0.3595421314239502,22,464,0.05
a_star,0.6953225135803223,43,1160,0.05
a_star,0.7744314670562744,48,2256,0.05
a_star,0.41734933853149414,26,230,0.1
a_star,0.28916263580322266,18,638,0.1
a_star,0.3069326877593994,19,429,0.05
a_star,0.43407177925109863,27,620,0.05
a_star,0.581101655960083,36,1564,0.1
a_star,0.27402210235595703,17,364,0.1
a_star,0.4681246280670166,29,240,0.25
a_star,0.3049337863922119,19,874,0.05
a_star,0.3394637107849121,21,285,0.1
a_star,0.7185437679290771,45,1008,0.05
a_star,0.7895116806030273,49,1225,0.05
a_star,0.8570995330810547,53,1292,0.25
a_star,0.35489654541015625,22,775,0.1
a_star,0.33661746978759766,21,858,0.1
a_star,0.35651302337646484,22,738,0.05
a_star,0.2729201316833496,17,672,0.05
a_star,0.7731802463531494,48,1292,0.1
a_star,0.5959908962249756,37,1333,0.05
a_star,0.4685354232788086,29,441,0.05
a_star,0.8336443901062012,52,2450,0.25
a_star,0.6078855991363525,38,754,0.25
a_star,0.25612306594848633,16,345,0.1
a_star,0.33946895599365234,21,368,0.05
a_star,0.4372060298919678,27,1323,0.1
a_star,0.7613508701324463,47,2000,0.1
a_star,0.6599886417388916,41,1564,0.1
a_star,0.6136996746063232,38,2068,0.05
a_star,0.2737596035003662,17,660,0.05
a_star,0.2738227844238281,17,322,0.25
a_star,0.4515650272369385,28,550,0.05
a_star,0.7070431709289551,44,1472,0.25
a_star,0.2577180862426758,16,240,0.25
a_star,0.21067142486572266,13,648,0.05
a_star,0.8040134906768799,50,816,0.1
a_star,0.37105727195739746,23,462,0.05
a_star,0.8688116073608398,54,1750,0.1
a_star,0.7266390323638916,45,1440,0.1
a_star,0.47038817405700684,29,1760,0.05
a_star,0.33832645416259766,21,690,0.25
a_star,0.4855668544769287,30,442,0.05
a_star,0.41815614700317383,26,960,0.05
a_star,0.2733640670776367,17,378,0.25
a_star,0.647258996963501,40,1628,0.1
a_star,0.5983717441558838,37,1050,0.1
a_star,0.306504487991333,19,384,0.05
a_star,0.38666605949401855,24,572,0.1
a_star,0.3392598628997803,21,1008,0.1
a_star,0.4363584518432617,27,728,0.25
a_star,0.642289400100708,40,468,0.1
a_star,0.7713618278503418,48,1209,0.05
a_star,0.6300747394561768,39,952,0.05
a_star,0.832172155380249,52,1920,0.05
a_star,0.9029607772827148,56,1470,0.25
a_star,0.6732833385467529,42,840,0.1
a_star,0.8685636520385742,54,1833,0.1
a_star,0.22612905502319336,14,165,0.1
a_star,0.547055721282959,34,986,0.05
a_star,0.1602940559387207,10,816,0.1
a_star,1.1587750911712646,72,2304,0.1
a_star,0.433701753616333,27,640,0.1
a_star,0.8224670886993408,51,832,0.25
a_star,0.4029533863067627,25,560,0.25
a_star,0.19305992126464844,12,190,0.1
a_star,1.1094412803649902,69,966,0.25
a_star,0.16004371643066406,10,637,0.25
a_star,0.3395066261291504,21,620,0.05
a_star,0.29093027114868164,18,621,0.25
a_star,0.3232285976409912,20,690,0.1
a_star,0.3551476001739502,22,475,0.1
a_star,0.43310093879699707,27,1280,0.25
a_star,0.6271286010742188,39,410,0.25
a_star,0.8873918056488037,55,1353,0.05
a_star,0.4952538013458252,31,986,0.05
a_star,0.40225744247436523,25,684,0.05
a_star,0.7294511795043945,45,1488,0.05
a_star,0.528942346572876,33,837,0.25
a_star,0.7259120941162109,45,658,0.25
a_star,0.6095564365386963,38,544,0.1
a_star,0.6741921901702881,42,960,0.1
a_star,0.38496899604797363,24,396,0.1
a_star,0.579169750213623,36,1665,0.1
a_star,0.307039737701416,19,266,0.05
a_star,0.33753013610839844,21,372,0.1
a_star,0.7719483375549316,48,1950,0.25
a_star,0.4184000492095947,26,1316,0.25
a_star,0.24094629287719727,15,192,0.25
a_star,0.5457637310028076,34,560,0.05
a_star,0.1753857135772705,11,209,0.05
a_star,0.3862273693084717,24,558,0.05
a_star,0.47912168502807617,30,1125,0.25
a_star,0.22506070137023926,14,966,0.1
a_star,0.5001928806304932,31,1862,0.05
a_star,0.8029577732086182,50,539,0.25
a_star,0.3224935531616211,20,242,0.05
a_star,0.867741584777832,54,810,0.25
a_star,0.5442819595336914,34,1935,0.05
a_star,0.2890150547027588,18,900,0.1
a_star,0.3866088390350342,24,420,0.1
a_star,0.465831995010376,29,945,0.05
a_star,0.25533223152160645,16,648,0.25
a_star,0.3534390926361084,22,765,0.1
a_star,0.8225624561309814,51,1176,0.05
a_star,0.6276369094848633,39,1584,0.1
a_star,0.5155327320098877,32,574,0.25
a_star,0.6616513729095459,41,1184,0.1
a_star,0.5773820877075195,36,924,0.1
a_star,0.598130464553833,37,816,0.05
a_star,0.4855935573577881,30,396,0.25
a_star,0.8706316947937012,54,1558,0.25
a_star,0.7243063449859619,45,1710,0.1
a_star,1.35882568359375,84,2303,0.1
a_star,0.2575342655181885,16,338,0.1
a_star,0.5952768325805664,37,1935,0.05
a_star,0.6448359489440918,40,1617,0.1
a_star,0.46512770652770996,29,506,0.05
a_star,0.6722733974456787,42,1596,0.05
a_star,0.46412205696105957,29,630,0.1
a_star,0.5307438373565674,33,836,0.25
a_star,0.629065752029419,39,700,0.25
a_star,0.28836941719055176,18,225,0.05
a_star,0.3873724937438965,24,408,0.25
a_star,0.7727923393249512,48,828,0.25
a_star,0.6282241344451904,39,650,0.25
a_star,0.498337984085083,31,999,0.1
a_star,0.8058216571807861,50,2205,0.1
a_star,0.6773555278778076,42,1218,0.1
a_star,0.49495697021484375,31,574,0.05
a_star,0.1923818588256836,12,121,0.1
a_star,0.5780787467956543,36,1519,0.05
a_star,0.46756577491760254,29,627,0.25
a_star,0.4218888282775879,26,552,0.25
a_star,0.6773116588592529,42,555,0.25
a_star,0.6775104999542236,42,1440,0.1
a_star,0.4503953456878662,28,748,0.05
a_star,0.33753037452697754,21,300,0.1
a_star,0.5482094287872314,34,561,0.1
a_star,0.24025201797485352,15,260,0.05
a_star,0.2878892421722412,18,473,0.05
a_star,0.21021819114685059,13,700,0.05
a_star,0.45047545433044434,28,1521,0.05
a_star,0.546464204788208,34,888,0.25
a_star,0.272355318069458,17,646,0.25
a_star,0.4862701892852783,30,799,0.1
a_star,0.7288694381713867,45,1120,0.05
a_star,0.2287607192993164,14,290,0.05
a_star,0.9356234073638916,58,940,0.05
a_star,0.9046199321746826,56,2162,0.05
a_star,0.4971160888671875,31,1312,0.05
a_star,0.22513484954833984,14,238,0.05
a_star,0.5013666152954102,31,588,0.05
a_star,0.19297385215759277,12,720,0.1
a_star,0.7115442752838135,44,1540,0.05
a_star,0.40125036239624023,25,828,0.05
a_star,0.5212194919586182,32,2064,0.1
a_star,0.674109697341919,42,1269,0.1
bfs,0.35251784324645996,22,444,0.05
bfs,0.5499053001403809,34,615,0.25
bfs,0.5370619297027588,33,528,0.05
bfs,0.6914739608764648,43,756,0.05
bfs,0.40088319778442383,25,792,0.25
bfs,0.4525275230407715,28,550,0.25
bfs,0.2899751663208008,18,512,0.1
bfs,0.17989778518676758,11,110,0.1
bfs,0.4021470546722412,25,768,0.05
bfs,0.4037299156188965,25,1056,0.1
bfs,0.41850996017456055,26,864,0.05
bfs,0.4019317626953125,25,748,0.1
bfs,0.6116864681243896,38,666,0.1
bfs,0.17702817916870117,11,348,0.05
bfs,0.7733674049377441,48,539,0.05
bfs,0.4020359516143799,25,494,0.1
bfs,0.19309329986572266,12,396,0.05
bfs,0.5033590793609619,31,989,0.05
bfs,0.49855732917785645,31,600,0.1
bfs,0.27319884300231934,17,132,0.25
bfs,0.272721529006958,17,224,0.05
bfs,0.5290853977203369,33,779,0.1
bfs,0.5455901622772217,34,1131,0.1
bfs,0.6597051620483398,41,700,0.05
bfs,0.34004950523376465,21,546,0.1
bfs,0.5960855484008789,37,500,0.05
bfs,0.3217356204986572,20,936,0.1
bfs,0.562105655670166,35,1974,0.05
bfs,1.012298822402954,63,756,0.25
bfs,1.252166748046875,78,2000,0.1
bfs,0.7810931205749512,48,602,0.1
bfs,0.6086115837097168,38,1980,0.25
bfs,0.6773996353149414,42,1080,0.05
bfs,0.3534879684448242,22,456,0.1
bfs,0.43984341621398926,27,864,0.05
bfs,0.4185338020324707,26,221,0.05
bfs,0.6167991161346436,38,1312,0.1
bfs,0.32118892669677734,20,320,0.1
bfs,0.5590522289276123,34,980,0.05
bfs,0.6916437149047852,43,1872,0.1
bfs,0.32097363471984863,20,315,0.1
bfs,0.5963385105133057,37,1558,0.05
bfs,0.4511528015136719,28,260,0.05
bfs,0.6918725967407227,43,1110,0.1
bfs,0.7857625484466553,49,1911,0.1
bfs,0.3226165771484375,20,468,0.25
bfs,0.5147595405578613,32,512,0.05
bfs,1.0149006843566895,63,2070,0.25
bfs,0.3666253089904785,23,850,0.1
bfs,0.8383290767669678,52,1848,0.1
bfs,0.4825725555419922,30,260,0.25
bfs,0.5652625560760498,35,473,0.05
bfs,0.6092498302459717,38,2303,0.05
bfs,0.46486902236938477,29,1064,0.25
bfs,0.5628585815429688,35,1421,0.05
bfs,0.42058539390563965,26,435,0.05
bfs,0.3863511085510254,24,551,0.1
bfs,0.32148075103759766,20,187,0.05
bfs,0.8354084491729736,52,1435,0.25
bfs,0.7527124881744385,47,2064,0.25
bfs,0.8352322578430176,52,1764,0.05
bfs,0.49619245529174805,31,1080,0.1
bfs,0.689765214920044,43,1014,0.05
bfs,1.0205442905426025,63,850,0.05
bfs,0.32100939750671387,20,294,0.25
bfs,0.17792677879333496,11,221,0.05
bfs,0.22510266304016113,14,420,0.05
bfs,0.15982723236083984,10,500,0.25
bfs,0.3911597728729248,24,660,0.05
bfs,0.6916742324829102,43,585,0.05
bfs,0.8529515266418457,53,1026,0.25
bfs,0.5142114162445068,32,1750,0.05
bfs,0.42057180404663086,26,493,0.1
bfs,0.9199721813201904,57,1380,0.1
bfs,0.3748188018798828,23,770,0.05
bfs,0.563671350479126,35,1886,0.1
bfs,0.33723926544189453,21,351,0.1
bfs,0.24131011962890625,15,874,0.05
bfs,0.43430233001708984,27,1056,0.1
bfs,0.7888772487640381,49,611,0.25
bfs,0.5337226390838623,33,680,0.1
bfs,0.4183492660522461,26,2150,0.1
bfs,0.6930818557739258,43,1302,0.25
bfs,0.5980303287506104,37,864,0.25
bfs,0.6128947734832764,38,943,0.05
bfs,0.3393430709838867,21,320,0.1
bfs,0.5932977199554443,37,798,0.1
bfs,0.3545112609863281,22,385,0.1
bfs,0.07927107810974121,5,180,0.05
bfs,0.626075029373169,39,1440,0.05
bfs,0.838132381439209,52,750,0.05
bfs,0.8693923950195312,54,945,0.1
bfs,0.711859941482544,44,1400,0.1
bfs,0.3064002990722656,19,182,0.25
bfs,0.7102398872375488,44,1764,0.1
bfs,0.3415055274963379,21,464,0.05
bfs,0.3696582317352295,23,580,0.1
bfs,0.41853785514831543,26,972,0.05
bfs,0.2741677761077881,17,140,0.1
bfs,0.5461540222167969,34,336,0.25
bfs,0.43320703506469727,27,495,0.1
bfs,0.387401819229126,24,928,0.1
bfs,0.4830970764160156,30,435,0.25
bfs,0.3687014579772949,23,612,0.25
bfs,0.46927380561828613,29,522,0.05
bfs,0.3525841236114502,22,576,0.05
bfs,0.38799595832824707,24,209,0.05
bfs,0.308652400970459,19,320,0.1
bfs,0.498445987701416,31,700,0.1
bfs,0.5943207740783691,37,1188,0.05
bfs,0.7095069885253906,44,1230,0.05
bfs,0.2593674659729004,16,276,0.05
bfs,0.7263138294219971,45,864,0.25
bfs,1.0434184074401855,65,1372,0.25
bfs,0.6933610439300537,43,1365,0.05
bfs,0.38660120964050293,24,576,0.25
bfs,0.675520658493042,42,1054,0.25
bfs,0.7087619304656982,44,1056,0.25
bfs,0.5135457515716553,32,507,0.05
bfs,0.3045463562011719,19,442,0.1
bfs,0.8061501979827881,50,924,0.1
bfs,0.7220885753631592,45,1911,0.25
bfs,0.7535152435302734,47,1332,0.1
bfs,0.3553791046142578,22,828,0.1
bfs,0.5982987880706787,37,420,0.25
bfs,0.4481198787689209,28,495,0.25
bfs,0.9006657600402832,56,1400,0.05
bfs,0.5760595798492432,36,690,0.05
bfs,0.28753018379211426,18,209,0.25
bfs,0.3708207607269287,23,741,0.1
bfs,0.5135722160339355,32,780,0.05
bfs,0.5141983032226562,32,1596,0.1
bfs,0.25731897354125977,16,704,0.05
bfs,0.8700287342071533,54,1560,0.1
bfs,0.38407349586486816,24,1188,0.05
bfs,0.561793327331543,35,546,0.05
bfs,0.9501180648803711,59,855,0.05
bfs,0.43887782096862793,27,697,0.1
bfs,0.609684944152832,38,1102,0.1
bfs,0.4058871269226074,25,1209,0.05
bfs,0.7423958778381348,46,846,0.25
bfs,0.4807863235473633,30,1450,0.25
bfs,0.5806751251220703,36,476,0.1
bfs,0.4158594608306885,26,812,0.1
bfs,0.49810004234313965,31,440,0.25
bfs,0.43326663970947266,27,680,0.25
bfs,0.38406848907470703,24,736,0.05
bfs,0.3718106746673584,23,220,0.1
bfs,0.5144951343536377,32,558,0.25
bfs,0.33680033683776855,21,527,0.25
bfs,0.3555481433868408,22,299,0.05
bfs,0.9143757820129395,57,1519,0.05
bfs,0.4342672824859619,27,330,0.05
bfs,0.7414188385009766,46,1748,0.05
bfs,0.4860267639160156,30,1104,0.1
bfs,0.19239282608032227,12,480,0.25
bfs,0.7373616695404053,46,1840,0.1
bfs,0.7434079647064209,46,1118,0.25
bfs,0.5441989898681641,34,532,0.05
bfs,0.5171117782592773,32,520,0.1
bfs,0.8218107223510742,51,1152,0.05
bfs,0.7042121887207031,44,1240,0.25
bfs,0.46417856216430664,29,308,0.05
bfs,1.1011011600494385,68,1519,0.05
bfs,0.7424499988555908,46,1632,0.25
bfs,0.8887009620666504,55,2058,0.1
bfs,0.547889232635498,34,1025,0.05
bfs,0.30397820472717285,19,546,0.25
bfs,0.9846706390380859,61,1554,0.05
bfs,0.4851052761077881,30,1840,0.05
bfs,0.4502730369567871,28,272,0.1
bfs,0.7432732582092285,46,539,0.05
bfs,0.563748836517334,35,1274,0.25
bfs,0.663806676864624,41,350,0.25
bfs,0.3221256732940674,20,304,0.05
bfs,0.3533897399902344,22,666,0.25
bfs,0.4859182834625244,30,598,0.25
bfs,0.5494825839996338,34,975,0.05
bfs,0.8047974109649658,50,490,0.1
bfs,0.48053956031799316,30,968,0.1
bfs,0.43277597427368164,27,620,0.1
bfs,0.6599628925323486,41,756,0.1
bfs,0.3836491107940674,24,1480,0.1
bfs,0.2421104907989502,15,833,0.05
bfs,0.27236342430114746,17,224,0.25
bfs,0.5134611129760742,32,1950,0.25
bfs,0.8040323257446289,50,1295,0.1
bfs,0.5635325908660889,35,460,0.1
bfs,0.6287786960601807,39,700,0.05
bfs,0.9655659198760986,60,2304,0.1
bfs,0.5476498603820801,34,768,0.05
bfs,0.5147764682769775,32,1152,0.1
bfs,0.3063778877258301,19,260,0.05
bfs,0.27327895164489746,17,578,0.05
bfs,0.4658701419830322,29,962,0.05
bfs,0.5980565547943115,37,1269,0.05
bfs,0.46656012535095215,29,680,0.1
bfs,0.19425559043884277,12,468,0.05
bfs,0.4032461643218994,25,546,0.25
bfs,0.37184667587280273,23,380,0.25
bfs,0.674720287322998,42,1302,0.25
bfs,0.5664520263671875,35,1200,0.1
bfs,0.1939382553100586,12,360,0.1
bfs,0.48145079612731934,30,697,0.1
bfs,0.5619304180145264,35,1344,0.05
bfs,0.8698527812957764,54,1320,0.25
bfs,0.49710583686828613,31,910,0.25
bfs,0.7567451000213623,47,1911,0.25
bfs,0.6772639751434326,42,672,0.05
bfs,0.5640785694122314,35,816,0.05
bfs,0.530097246170044,33,1302,0.1
bfs,0.48239946365356445,30,306,0.25
bfs,0.5160808563232422,32,972,0.25
bfs,0.6902294158935547,43,1353,0.05
bfs,0.6594743728637695,41,1012,0.25
bfs,0.6323482990264893,39,1242,0.05
bfs,0.4653942584991455,29,600,0.05
bfs,0.5292630195617676,33,1920,0.05
bfs,0.4341583251953125,27,1575,0.05
bfs,0.46807217597961426,29,1333,0.05
bfs,0.4983069896697998,31,272,0.25
bfs,0.4341890811920166,27,594,0.05
bfs,0.6827213764190674,42,480,0.05
bfs,0.6279730796813965,39,1078,0.05
bfs,0.3227400779724121,20,407,0.05
bfs,0.5291907787322998,33,588,0.25
bfs,0.3897068500518799,24,360,0.05
bfs,0.645216703414917,40,779,0.1
bfs,0.3844881057739258,24,1519,0.1
bfs,0.402254581451416,25,561,0.25
bfs,0.6760926246643066,42,645,0.05
bfs,0.8023641109466553,50,1178,0.25
bfs,0.40291309356689453,25,837,0.25
bfs,0.6615417003631592,41,999,0.1
bfs,0.5615763664245605,35,736,0.25
bfs,0.7587168216705322,47,528,0.05
bfs,0.3590853214263916,22,408,0.05
bfs,0.5662050247192383,35,1260,0.05
bfs,0.4836692810058594,30,950,0.05
bfs,0.5784916877746582,36,760,0.1
bfs,0.596362829208374,37,850,0.1
bfs,0.7353000640869141,46,1292,0.25
bfs,0.5614385604858398,35,1176,0.25
bfs,1.045140266418457,65,1932,0.1
bfs,0.27876877784729004,17,558,0.05
bfs,0.819011926651001,51,992,0.1
bfs,0.37004590034484863,23,425,0.25
bfs,0.46808552742004395,29,465,0.05
bfs,0.40031862258911133,25,1750,0.05
bfs,0.45014333724975586,28,792,0.25
dfs,2.930058717727661,182,490,0.25
dfs,9.477035999298096,589,897,0.1
dfs,10.367443323135376,644,1088,0.1
dfs,19.201603889465332,1191,1656,0.05
dfs,26.06284737586975,1618,2205,0.05
dfs,22.530888080596924,1396,2150,0.05
dfs,12.172279119491577,755,1530,0.05
dfs,8.028976678848267,496,899,0.1
dfs,9.788757801055908,606,851,0.05
dfs,8.336425542831421,517,984,0.1
dfs,2.5249316692352295,157,231,0.1
dfs,6.037799596786499,375,756,0.1
dfs,13.38591194152832,828,1920,0.25
dfs,6.959542274475098,431,615,0.05
dfs,21.843470573425293,1356,1794,0.05
dfs,17.298828125,1072,2068,0.05
dfs,6.921632766723633,430,1776,0.25
dfs,4.225334405899048,262,602,0.25
dfs,12.520178079605103,778,999,0.05
dfs,2.612480401992798,162,410,0.25
dfs,5.430098295211792,337,875,0.25
dfs,6.8229382038116455,423,500,0.05
dfs,1.5503556728363037,96,450,0.25
dfs,11.575732231140137,718,1148,0.1
dfs,3.825941562652588,237,705,0.1
dfs,11.394795656204224,706,1066,0.1
dfs,12.591241598129272,781,2107,0.25
dfs,12.325316429138184,765,2352,0.25
dfs,6.4384071826934814,399,1015,0.25
dfs,6.00706934928894,371,480,0.05
dfs,15.562244653701782,964,1596,0.1
dfs,10.896744012832642,676,1872,0.25
dfs,2.142359495162964,133,238,0.1
dfs,14.127967834472656,875,1978,0.1
dfs,19.406896829605103,1202,2021,0.05
dfs,5.933761835098267,368,675,0.05
dfs,8.75916600227356,543,990,0.05
dfs,3.1482861042022705,195,420,0.1
dfs,21.435222625732422,1330,1650,0.05
dfs,1.6231153011322021,101,180,0.05
dfs,10.268883466720581,639,1029,0.1
dfs,4.413377523422241,274,833,0.25
dfs,4.489023447036743,278,676,0.05
dfs,8.34615683555603,517,1353,0.25
dfs,8.718407154083252,541,918,0.1
dfs,19.53904962539673,1215,1804,0.1
dfs,3.862516403198242,240,407,0.05
dfs,10.721156597137451,663,936,0.1
dfs,0.4648709297180176,29,576,0.25
dfs,8.05430293083191,500,638,0.1
dfs,2.658472776412964,165,308,0.1
dfs,3.0554981231689453,190,552,0.25
dfs,11.112976789474487,691,837,0.05
dfs,4.585798740386963,284,440,0.1
dfs,2.6415019035339355,164,228,0.1
dfs,9.056673526763916,561,1312,0.25
dfs,15.939337491989136,989,1470,0.05
dfs,4.488867282867432,279,640,0.05
dfs,3.237423896789551,201,540,0.25
dfs,13.910507440567017,863,1330,0.05
dfs,6.765917539596558,419,540,0.05
dfs,3.20196795463562,199,273,0.05
dfs,6.821095943450928,423,551,0.05
dfs,7.705780744552612,477,896,0.05
dfs,10.740089654922485,667,1892,0.25
dfs,3.674616813659668,228,800,0.25
dfs,15.052795648574829,932,1274,0.05
dfs,1.9022247791290283,118,375,0.25
dfs,8.599798917770386,534,1720,0.25
dfs,4.102685451507568,255,504,0.1
dfs,6.769236087799072,420,476,0.05
dfs,27.954357862472534,1734,2100,0.05
dfs,2.8879568576812744,179,513,0.25
dfs,8.979918718338013,557,1155,0.25
dfs,5.567378520965576,345,518,0.05
dfs,11.916351556777954,741,1131,0.05
dfs,4.9809887409210205,309,900,0.25
dfs,21.788097620010376,1352,1632,0.05
dfs,4.407312870025635,273,640,0.25
dfs,2.729077100753784,169,420,0.25
dfs,5.4282567501068115,337,462,0.1
dfs,4.972580909729004,309,1053,0.25
dfs,7.580065488815308,469,900,0.1
dfs,5.157840013504028,320,572,0.05
dfs,3.0698554515838623,190,432,0.1
dfs,12.332255601882935,766,1394,0.05
dfs,16.056599378585815,997,1485,0.05
dfs,16.887608289718628,1047,1247,0.05
dfs,16.161871194839478,1003,1833,0.1
dfs,1.1273202896118164,70,120,0.05
dfs,13.002842426300049,807,1288,0.1
dfs,18.134674310684204,1125,1672,0.05
dfs,10.818833589553833,671,1596,0.25
dfs,2.531644582748413,157,224,0.1
dfs,10.789402723312378,670,1078,0.1
dfs,1.7457265853881836,108,312,0.25
dfs,3.868544816970825,240,595,0.25
dfs,7.644080400466919,475,720,0.1
dfs,6.79856276512146,422,595,0.1
dfs,4.478322744369507,277,420,0.1
dfs,13.446603536605835,834,1344,0.1
dfs,5.859411716461182,363,1500,0.25
dfs,7.682311058044434,477,1020,0.1
dfs,5.712884426116943,355,585,0.1
dfs,7.374345302581787,457,1000,0.25
dfs,6.415647506713867,397,600,0.1
dfs,7.818801403045654,485,940,0.1
dfs,12.277233362197876,761,1364,0.1
dfs,4.293442964553833,265,510,0.1
dfs,4.736388921737671,293,444,0.05
dfs,15.218188762664795,945,1240,0.05
dfs,5.25737452507019,326,437,0.1
dfs,7.9244444370269775,491,608,0.05
dfs,6.986616849899292,434,1175,0.25
dfs,9.71182131767273,603,1122,0.1
dfs,4.153494119644165,258,550,0.25
dfs,9.054312467575073,561,680,0.05
dfs,2.174961805343628,135,480,0.25
dfs,19.403503894805908,1205,1638,0.1
dfs,16.350961446762085,1015,1833,0.05
dfs,7.665358781814575,476,621,0.1
dfs,3.299064874649048,205,512,0.25
dfs,10.219414472579956,634,1296,0.1
dfs,15.94077467918396,988,1271,0.05
dfs,3.8057987689971924,236,450,0.1
dfs,8.695087432861328,539,924,0.1
dfs,4.883249521255493,303,672,0.25
dfs,2.6994292736053467,167,400,0.25
dfs,1.0319149494171143,64,182,0.25
dfs,7.358612060546875,456,1152,0.25
dfs,12.444438695907593,771,1500,0.05
dfs,2.8857319355010986,179,506,0.25
dfs,10.798581600189209,670,760,0.05
dfs,12.061700344085693,748,1125,0.05
dfs,2.7022910118103027,168,460,0.25
dfs,10.222667932510376,634,1575,0.25
dfs,13.741439580917358,853,1980,0.25
dfs,11.314615488052368,702,1015,0.1
dfs,8.442530155181885,524,1152,0.05
dfs,7.942683935165405,492,1089,0.1
dfs,21.20059037208557,1315,2064,0.05
dfs,12.20406174659729,756,1519,0.1
dfs,5.613147735595703,348,420,0.05
dfs,10.649986267089844,661,2450,0.25
dfs,5.545992851257324,344,658,0.1
dfs,5.079657077789307,314,738,0.25
dfs,14.003243923187256,870,2300,0.25
dfs,3.5796351432800293,221,675,0.25
dfs,15.402038812637329,955,1720,0.05
dfs,6.31075644493103,392,756,0.05
dfs,7.871908903121948,488,1300,0.25
dfs,3.3700947761535645,209,465,0.1
dfs,13.250666379928589,822,1638,0.05
dfs,3.8695008754730225,240,304,0.05
dfs,12.500653743743896,777,966,0.05
dfs,4.438418865203857,276,400,0.1
dfs,2.332411527633667,145,360,0.25
dfs,3.885028600692749,241,468,0.05
dfs,13.662718296051025,848,1395,0.05
dfs,3.0141773223876953,187,286,0.05
dfs,5.7008326053619385,353,456,0.1
dfs,13.748931646347046,854,1880,0.05
dfs,2.0439817905426025,127,204,0.1
dfs,4.511476278305054,280,352,0.05
dfs,3.8605217933654785,239,522,0.25
dfs,3.0149593353271484,187,432,0.25
dfs,9.943947553634644,616,1036,0.1
dfs,21.494563579559326,1334,2070,0.1
dfs,9.929490566253662,614,1066,0.05
dfs,1.9662373065948486,122,345,0.25
dfs,4.431763648986816,275,495,0.1
dfs,6.491767168045044,403,713,0.1
dfs,6.760015964508057,419,1092,0.25
dfs,4.967804670333862,309,456,0.05
dfs,7.012968301773071,435,946,0.05
dfs,15.945618629455566,990,2070,0.1
dfs,16.177486896514893,1004,1440,0.1
dfs,4.3595099449157715,270,676,0.25
dfs,9.617041110992432,598,1056,0.1
dfs,10.880094051361084,675,1681,0.1
dfs,5.738177299499512,356,462,0.05
dfs,4.890880823135376,303,420,0.05
dfs,16.291723489761353,1009,1440,0.1
dfs,16.830299377441406,1047,1728,0.1
dfs,2.260178804397583,140,672,0.25
dfs,7.185812950134277,445,770,0.05
dfs,5.102181434631348,317,468,0.1
dfs,5.757791996002197,357,455,0.05
dfs,14.73481559753418,915,2400,0.25
dfs,9.533747434616089,590,800,0.05
dfs,1.8548636436462402,115,299,0.25
dfs,25.186259031295776,1559,1978,0.05
dfs,5.761208772659302,357,616,0.1
dfs,19.23624086380005,1195,1650,0.05
dfs,14.828081846237183,919,1927,0.1
dfs,4.765935182571411,296,512,0.1
dfs,9.65393853187561,599,799,0.05
dfs,4.599032878875732,285,432,0.05
dfs,8.297383546829224,515,882,0.05
dfs,3.189303398132324,198,532,0.25
dfs,12.129034996032715,753,1102,0.1
dfs,3.049509286880493,189,493,0.1
dfs,1.8728795051574707,116,255,0.05
dfs,14.339213132858276,889,1591,0.1
dfs,5.553160905838013,343,448,0.05
dfs,7.446855545043945,462,800,0.05
dfs,2.9118106365203857,181,253,0.05
dfs,4.031235456466675,250,420,0.1
dfs,18.56279230117798,1152,1551,0.1
dfs,4.981086730957031,309,504,0.1
dfs,3.5859458446502686,222,364,0.1
dfs,21.20928382873535,1316,1794,0.05
dfs,6.140118837356567,381,609,0.05
dfs,3.037424087524414,188,1023,0.25
dfs,3.674694776535034,228,270,0.05
dfs,3.3005833625793457,205,288,0.1
dfs,13.055948257446289,809,1250,0.1
dfs,7.680431365966797,477,858,0.1
dfs,7.198951959609985,447,736,0.05
dfs,16.501256227493286,1023,1710,0.1
dfs,17.326026916503906,1075,1472,0.1
dfs,6.187861919403076,383,936,0.25
dfs,3.8036105632781982,235,289,0.05
dfs,12.20713496208191,757,1476,0.1
dfs,6.794850587844849,421,522,0.05
dfs,29.941507816314697,1858,2150,0.05
dfs,5.799556016921997,360,784,0.25
dfs,12.323198080062866,764,1008,0.05
dfs,14.618692636489868,907,1480,0.1
dfs,1.4781606197357178,92,384,0.25
dfs,9.830689668655396,610,864,0.05
dfs,8.793085098266602,545,720,0.1
dfs,8.1540207862854,506,750,0.05
dfs,1.8372256755828857,114,210,0.25
dfs,18.5734543800354,1152,1333,0.05
dfs,12.715487480163574,789,2150,0.25
dfs,5.520849943161011,342,748,0.1
dfs,9.10456657409668,565,740,0.05
dfs,22.310347318649292,1385,1599,0.05
dfs,1.671175479888916,104,374,0.25
dfs,2.349846124649048,146,204,0.1
dfs,2.848936080932617,177,432,0.1
dfs,5.286438465118408,327,504,0.05
dfs,2.7016234397888184,168,540,0.25
dfs,8.208098649978638,509,702,0.1
dfs,1.6472218036651611,102,168,0.05
dfs,6.4288294315338135,398,988,0.25
dfs,2.8029897212982178,174,350,0.25
dfs,6.712086200714111,417,825,0.1
dfs,8.179364442825317,508,1012,0.1
bell_ford,0.820897102355957,20,858,0.05
bell_ford,0.4867985248565674,19,551,0.1
bell_ford,1.951995849609375,49,1323,0.1
bell_ford,0.3447701930999756,13,462,0.05
bell_ford,2.6688005924224854,26,1800,0.05
bell_ford,2.394601583480835,35,1681,0.1
bell_ford,0.29026269912719727,15,297,0.05
bell_ford,0.7009916305541992,27,816,0.25
bell_ford,0.9207236766815186,33,961,0.25
bell_ford,1.7912750244140625,43,1591,0.25
bell_ford,0.7821094989776611,23,987,0.25
bell_ford,0.7030279636383057,35,450,0.05
bell_ford,0.7153182029724121,38,520,0.25
bell_ford,1.2034063339233398,44,903,0.1
bell_ford,0.49015212059020996,23,462,0.1
bell_ford,0.6971638202667236,25,640,0.05
bell_ford,1.224956750869751,23,1160,0.1
bell_ford,1.1669681072235107,23,1066,0.05
bell_ford,2.795459508895874,50,1692,0.05
bell_ford,0.6570773124694824,30,546,0.1
bell_ford,0.9431078433990479,45,600,0.1
bell_ford,2.0206892490386963,40,1470,0.1
bell_ford,1.6667509078979492,25,1271,0.05
bell_ford,0.7888915538787842,35,559,0.05
bell_ford,0.9824118614196777,37,741,0.05
bell_ford,2.6314587593078613,43,1722,0.1
bell_ford,1.0278995037078857,36,1015,0.25
bell_ford,3.0259411334991455,36,2303,0.25
bell_ford,1.3598358631134033,45,1008,0.1
bell_ford,2.072298288345337,54,1408,0.1
bell_ford,0.8381733894348145,30,756,0.1
bell_ford,1.7639813423156738,43,1296,0.1
bell_ford,0.6594622135162354,21,882,0.25
bell_ford,1.5627899169921875,39,1222,0.1
bell_ford,2.129940986633301,49,1722,0.25
bell_ford,1.0284380912780762,28,1178,0.25
bell_ford,0.9027283191680908,34,720,0.05
bell_ford,1.1273400783538818,46,800,0.1
bell_ford,0.4945864677429199,24,451,0.1
bell_ford,1.383270025253296,33,1176,0.1
bell_ford,0.42044973373413086,20,418,0.1
bell_ford,2.975343704223633,56,1800,0.1
bell_ford,1.9190387725830078,49,1369,0.1
bell_ford,2.079519510269165,62,1584,0.25
bell_ford,2.327382802963257,35,1554,0.05
bell_ford,2.41621732711792,60,1406,0.05
bell_ford,0.43257975578308105,12,640,0.1
bell_ford,1.1405258178710938,41,875,0.1
bell_ford,1.0496501922607422,25,992,0.1
bell_ford,1.0971136093139648,27,1020,0.1
bell_ford,2.5580339431762695,52,1548,0.05
bell_ford,0.9783430099487305,32,1034,0.25
bell_ford,0.5268354415893555,18,600,0.05
bell_ford,0.2877194881439209,16,247,0.05
bell_ford,0.7357442378997803,21,817,0.1
bell_ford,4.766968727111816,67,2400,0.1
bell_ford,0.23902010917663574,11,352,0.1
bell_ford,1.094775915145874,32,924,0.05
bell_ford,1.7214667797088623,45,1156,0.05
bell_ford,0.7873783111572266,43,495,0.25
bell_ford,0.7247426509857178,25,680,0.05
bell_ford,1.0527591705322266,35,1050,0.25
bell_ford,0.35549306869506836,16,510,0.25
bell_ford,0.19453191757202148,10,260,0.05
bell_ford,2.9415268898010254,38,2254,0.25
bell_ford,0.2860536575317383,16,240,0.05
bell_ford,3.561397075653076,47,2116,0.1
bell_ford,0.6978616714477539,34,504,0.1
bell_ford,1.3599638938903809,37,1104,0.1
bell_ford,1.4718053340911865,39,1080,0.05
bell_ford,0.5113160610198975,20,675,0.25
bell_ford,0.9074447154998779,27,816,0.05
bell_ford,0.9783453941345215,30,836,0.05
bell_ford,0.6949684619903564,33,504,0.05
bell_ford,0.36680006980895996,20,336,0.25
bell_ford,1.5000269412994385,44,1036,0.05
bell_ford,0.37497425079345703,18,462,0.25
bell_ford,2.0575006008148193,40,1496,0.1
bell_ford,2.2932357788085938,28,1692,0.1
bell_ford,2.5681512355804443,51,1645,0.1
bell_ford,0.3209953308105469,15,364,0.05
bell_ford,0.2297375202178955,13,231,0.1
bell_ford,0.5083572864532471,27,348,0.1
bell_ford,0.19199895858764648,9,320,0.1
bell_ford,1.022817850112915,34,1050,0.25
bell_ford,0.3301546573638916,17,390,0.25
bell_ford,0.5454001426696777,20,580,0.05
bell_ford,0.7782819271087646,36,520,0.05
bell_ford,1.3117170333862305,24,1152,0.05
bell_ford,0.5071747303009033,28,300,0.05
bell_ford,0.14730572700500488,8,220,0.05
bell_ford,1.4935400485992432,48,1078,0.1
bell_ford,0.17557811737060547,11,130,0.05
bell_ford,1.2302641868591309,41,1156,0.25
bell_ford,0.4900808334350586,28,336,0.25
bell_ford,1.5525598526000977,27,1305,0.1
bell_ford,0.11238336563110352,7,180,0.25
bell_ford,1.9125783443450928,32,1476,0.1
bell_ford,2.831732749938965,37,1840,0.1
bell_ford,1.3941669464111328,50,1156,0.25
bell_ford,0.8335702419281006,38,720,0.25
bell_ford,0.8413336277008057,28,945,0.25
bell_ford,0.9532692432403564,27,1107,0.25
bell_ford,0.9596550464630127,42,779,0.25
bell_ford,1.3526663780212402,43,988,0.1
bell_ford,0.7145230770111084,25,720,0.1
bell_ford,1.1274824142456055,30,1023,0.1
bell_ford,0.5473918914794922,17,644,0.05
bell_ford,0.4870944023132324,13,825,0.25
bell_ford,0.743962287902832,18,860,0.1
bell_ford,2.134303569793701,49,1365,0.05
bell_ford,0.9482917785644531,51,470,0.1
bell_ford,0.9925134181976318,34,810,0.05
bell_ford,1.680236577987671,43,1218,0.1
bell_ford,0.6824970245361328,30,576,0.1
bell_ford,3.2563443183898926,62,1848,0.1
bell_ford,1.0346708297729492,38,780,0.05
bell_ford,0.22698140144348145,14,176,0.25
bell_ford,0.5263311862945557,27,483,0.25
bell_ford,0.5546398162841797,28,407,0.05
bell_ford,4.2567737102508545,37,2208,0.05
bell_ford,0.9958484172821045,44,656,0.1
bell_ford,1.1759765148162842,56,637,0.1
bell_ford,2.2902169227600098,53,1813,0.25
bell_ford,1.5264110565185547,30,1287,0.1
bell_ford,2.253391742706299,46,1806,0.25
bell_ford,1.3960635662078857,36,1122,0.1
bell_ford,1.4103949069976807,31,1190,0.1
bell_ford,0.7706289291381836,26,918,0.25
bell_ford,0.9755959510803223,25,952,0.1
bell_ford,1.129716396331787,26,1066,0.1
bell_ford,0.47297120094299316,23,440,0.1
bell_ford,0.5506165027618408,17,684,0.1
bell_ford,1.0703859329223633,45,722,0.05
bell_ford,1.752162218093872,58,1344,0.25
bell_ford,0.8311960697174072,38,736,0.25
bell_ford,0.8273520469665527,28,928,0.25
bell_ford,2.372648000717163,50,1505,0.05
bell_ford,1.1795377731323242,42,902,0.1
bell_ford,0.3601095676422119,20,308,0.25
bell_ford,1.181546688079834,57,792,0.25
bell_ford,0.3541092872619629,19,374,0.25
bell_ford,1.1451447010040283,43,819,0.05
bell_ford,0.8675978183746338,28,779,0.05
bell_ford,0.3251607418060303,20,190,0.25
bell_ford,1.5413191318511963,33,1176,0.05
bell_ford,1.3087761402130127,30,1120,0.1
bell_ford,0.6089017391204834,30,448,0.05
bell_ford,1.6912336349487305,49,1457,0.25
bell_ford,2.6020188331604004,50,1564,0.05
bell_ford,0.44623875617980957,24,319,0.05
bell_ford,1.1285243034362793,36,936,0.1
bell_ford,0.7276270389556885,33,544,0.05
bell_ford,0.26866960525512695,13,342,0.1
bell_ford,1.230010747909546,31,1012,0.05
bell_ford,0.3160395622253418,15,462,0.25
bell_ford,0.4866945743560791,23,434,0.05
bell_ford,0.34502601623535156,15,440,0.1
bell_ford,1.316781997680664,50,858,0.05
bell_ford,0.9601094722747803,37,780,0.1
bell_ford,0.7145900726318359,26,666,0.05
bell_ford,2.3485469818115234,29,1638,0.05
bell_ford,1.8069069385528564,46,1305,0.1
bell_ford,3.8530197143554688,60,2107,0.1
bell_ford,0.4109313488006592,20,400,0.1
bell_ford,0.6954038143157959,31,684,0.25
bell_ford,0.33101606369018555,18,280,0.05
bell_ford,0.5640699863433838,25,640,0.25
bell_ford,1.1305174827575684,41,882,0.1
bell_ford,3.511798620223999,61,2352,0.25
bell_ford,0.40985560417175293,24,221,0.05
bell_ford,0.7646667957305908,30,640,0.05
bell_ford,0.2559168338775635,15,216,0.1
bell_ford,3.8872628211975098,79,1968,0.1
bell_ford,0.5366215705871582,13,684,0.05
bell_ford,1.451138973236084,18,1400,0.1
bell_ford,1.113232135772705,44,819,0.1
bell_ford,0.7108438014984131,31,600,0.1
bell_ford,1.1215627193450928,45,817,0.1
bell_ford,1.653430461883545,30,1271,0.05
bell_ford,1.8961982727050781,41,1394,0.1
bell_ford,1.7597343921661377,26,1380,0.05
bell_ford,0.3435540199279785,16,405,0.1
bell_ford,1.235706090927124,25,1064,0.05
bell_ford,1.113546371459961,40,875,0.1
bell_ford,0.6197168827056885,29,460,0.05
bell_ford,1.2310881614685059,34,980,0.05
bell_ford,0.7094559669494629,35,476,0.05
bell_ford,0.518613338470459,26,513,0.25
bell_ford,0.6583940982818604,31,620,0.25
bell_ford,2.177517890930176,47,1824,0.25
bell_ford,0.4755105972290039,26,340,0.1
bell_ford,2.3647539615631104,51,1512,0.05
bell_ford,0.4893033504486084,18,552,0.05
bell_ford,0.5111865997314453,26,390,0.05
bell_ford,2.6112265586853027,43,1628,0.05
bell_ford,1.719226598739624,50,1152,0.05
bell_ford,1.2620065212249756,56,784,0.1
bell_ford,2.5709035396575928,60,1584,0.1
bell_ford,3.5368497371673584,52,2064,0.1
bell_ford,3.114964485168457,41,1960,0.1
bell_ford,0.2999536991119385,16,286,0.05
bell_ford,0.415576696395874,21,390,0.1
bell_ford,0.6948165893554688,32,672,0.25
bell_ford,1.095663070678711,38,858,0.1
bell_ford,0.6768209934234619,22,740,0.1
bell_ford,2.8663458824157715,62,1598,0.05
bell_ford,0.40703248977661133,19,408,0.05
bell_ford,1.2359414100646973,23,1189,0.1
bell_ford,0.3001735210418701,8,550,0.1
bell_ford,0.8244340419769287,29,725,0.05
bell_ford,0.5909445285797119,24,550,0.05
bell_ford,0.39876365661621094,22,304,0.1
bell_ford,0.5300271511077881,27,420,0.1
bell_ford,0.8020656108856201,38,564,0.1
bell_ford,1.1701161861419678,51,720,0.1
bell_ford,1.858199119567871,36,1748,0.25
bell_ford,0.5998220443725586,30,551,0.25
bell_ford,2.747882604598999,51,2116,0.25
bell_ford,0.9497687816619873,39,672,0.05
bell_ford,3.4029974937438965,59,1927,0.1
bell_ford,2.880465507507324,29,1911,0.1
bell_ford,0.4061245918273926,19,405,0.05
bell_ford,3.0281548500061035,74,2000,0.25
bell_ford,1.2353487014770508,37,1215,0.25
bell_ford,0.4738314151763916,24,465,0.25
bell_ford,0.939399003982544,21,1188,0.25
bell_ford,0.912104606628418,33,784,0.1
bell_ford,2.29825496673584,50,1520,0.1
bell_ford,0.8738975524902344,37,667,0.1
bell_ford,1.2937462329864502,34,1107,0.1
bell_ford,2.2084529399871826,41,1554,0.1
bell_ford,1.6424212455749512,52,1118,0.1
bell_ford,0.2579226493835449,16,110,0.05
bell_ford,0.2581350803375244,13,310,0.05
bell_ford,1.4108796119689941,34,1155,0.1
bell_ford,2.857943534851074,56,1628,0.05
bell_ford,0.791771650314331,41,456,0.05
bell_ford,0.2119152545928955,13,160,0.05
bell_ford,4.283890724182129,63,2250,0.1
bell_ford,0.26907896995544434,13,330,0.05
bell_ford,0.6151163578033447,20,690,0.1
bell_ford,0.35651659965515137,14,490,0.1
bell_ford,1.6295320987701416,48,1152,0.1
bell_ford,2.449981212615967,51,1620,0.1
bell_ford,1.5365424156188965,34,1218,0.1
bell_ford,1.0862627029418945,36,1050,0.25
bell_ford,0.4550149440765381,23,375,0.05
bell_ford,0.20114684104919434,11,234,0.05
bell_ford,1.8089613914489746,49,1188,0.05
a_star,0.5151679515838623,32,400,0.05
a_star,0.433718204498291,27,456,0.05
a_star,0.3373861312866211,21,1344,0.1
a_star,0.5636627674102783,35,1880,0.1
a_star,0.31017374992370605,19,392,0.25
bfs,0.5139648914337158,32,912,0.1
bfs,0.1949317455291748,12,420,0.1
bfs,0.5481395721435547,34,552,0.05
bfs,0.15965032577514648,10,195,0.05
bfs,0.1601240634918213,10,300,0.05
dfs,1.2747371196746826,79,143,0.1
dfs,8.114078521728516,503,1334,0.25
dfs,5.438917636871338,337,900,0.25
dfs,4.442779064178467,275,522,0.05
dfs,4.736710071563721,295,408,0.05
bell_ford,0.24436402320861816,14,182,0.05
bell_ford,0.32874155044555664,16,336,0.05
bell_ford,2.2134530544281006,33,1932,0.25
bell_ford,2.718231201171875,45,2100,0.25
bell_ford,0.09831523895263672,6,200,0.25
a_star,0.38352370262145996,24,400,0.05
a_star,0.6270298957824707,39,476,0.25
a_star,0.40068960189819336,25,500,0.1
a_star,0.3545229434967041,22,950,0.05
a_star,0.7239103317260742,45,1833,0.25
bfs,0.6161389350891113,38,1287,0.1
bfs,0.17508459091186523,11,165,0.25
bfs,0.37096571922302246,23,651,0.1
bfs,0.35335540771484375,22,315,0.05
bfs,1.0002467632293701,62,1333,0.05
dfs,1.7607393264770508,109,187,0.05
dfs,3.1067404747009277,193,390,0.05
dfs,1.9995286464691162,124,392,0.25
dfs,4.497608423233032,278,588,0.1
dfs,9.291450262069702,576,1419,0.25
bell_ford,3.4179039001464844,64,1950,0.1
bell_ford,0.5749979019165039,29,522,0.25
bell_ford,4.080402135848999,41,2156,0.05
bell_ford,0.8920607566833496,31,962,0.25
bell_ford,0.6385898590087891,28,527,0.05
a_star,0.8678667545318604,54,2000,0.1
a_star,0.07996940612792969,6,861,0.05
a_star,0.2892496585845947,19,1845,0.1
a_star,0.04789423942565918,4,266,0.25
a_star,0.11239838600158691,8,546,0.05
bfs,0.1930387020111084,13,390,0.25
bfs,0.12822771072387695,9,165,0.05
bfs,0.11130642890930176,8,510,0.1
bfs,0.032468318939208984,3,1665,0.1
bfs,0.079803466796875,6,221,0.25
dfs,8.25229811668396,513,589,0.05
dfs,4.41474461555481,275,517,0.1
dfs,6.123320817947388,381,1150,0.25
dfs,0.7870481014251709,49,667,0.25
dfs,18.398566007614136,1143,1395,0.05
bell_ford,1.8653175830841064,8,2021,0.25
bell_ford,1.2090210914611816,16,1221,0.1
bell_ford,2.1207616329193115,7,1786,0.1
bell_ford,2.7472074031829834,25,1786,0.05
bell_ford,0.38277101516723633,3,900,0.25
a_star,0.4969770908355713,31,400,0.05
a_star,0.9331886768341064,58,940,0.25
a_star,1.0133154392242432,63,1666,0.1
a_star,0.3703649044036865,23,546,0.25
a_star,0.17669892311096191,11,306,0.1
bfs,0.44904065132141113,28,1134,0.05
bfs,0.46669459342956543,29,1056,0.05
bfs,0.2601180076599121,16,345,0.1
bfs,0.7706811428070068,48,1560,0.05
bfs,0.6602191925048828,41,720,0.25
dfs,10.497246503829956,651,1000,0.05
dfs,6.134297847747803,381,666,0.05
dfs,7.937293767929077,493,726,0.1
dfs,4.59328293800354,285,425,0.05
dfs,12.106360673904419,750,1100,0.05
bell_ford,0.41663670539855957,15,510,0.05
bell_ford,2.217270612716675,44,1512,0.1
bell_ford,0.7614588737487793,27,731,0.1
bell_ford,2.944103717803955,40,2250,0.25
bell_ford,3.319152593612671,37,1960,0.05
a_star,0.3519401550292969,22,400,0.05
a_star,0.723045825958252,45,928,0.4
a_star,1.3706774711608887,85,1848,0.4
a_star,0.5594570636749268,35,651,0.4
a_star,0.17620277404785156,11,221,0.4
bfs,1.0517346858978271,66,2160,0.4
bfs,0.6349828243255615,39,680,0.4
bfs,1.0111689567565918,63,946,0.4
bfs,0.2739095687866211,17,429,0.4
bfs,0.8499417304992676,53,702,0.4
dfs,0.9011282920837402,56,968,0.4
dfs,0.3036324977874756,19,360,0.4
dfs,1.84523344039917,115,1344,0.4
dfs,1.7222330570220947,107,1036,0.4
dfs,1.4201881885528564,88,1015,0.4
bell_ford,0.41748952865600586,26,192,0.4
bell_ford,0.12861156463623047,8,132,0.4
bell_ford,0.3839235305786133,16,731,0.4
bell_ford,0.2871980667114258,18,195,0.4
bell_ford,0.5194454193115234,25,740,0.4
a_star,0.783057689666748,49,1554,0.4
a_star,0.8644945621490479,54,1056,0.4
a_star,0.9827537536621094,61,665,0.4
a_star,0.6424455642700195,40,792,0.4
a_star,0.5477056503295898,34,357,0.4
bfs,0.4042320251464844,25,529,0.4
bfs,0.33756089210510254,21,476,0.4
bfs,1.2714943885803223,79,966,0.4
bfs,0.7215454578399658,45,832,0.4
bfs,1.273033618927002,79,1100,0.4
dfs,1.8699769973754883,116,1392,0.4
dfs,0.6735179424285889,42,896,0.4
dfs,2.0484585762023926,127,850,0.4
dfs,1.8431096076965332,115,720,0.4
dfs,1.6715149879455566,104,451,0.4
bell_ford,0.7638139724731445,45,392,0.4
bell_ford,0.2494494915008545,14,385,0.4
bell_ford,1.5087611675262451,66,1230,0.4
bell_ford,0.14966678619384766,9,216,0.4
bell_ford,0.6083934307098389,27,798,0.4
a_star,0.4326481819152832,27,400,0.05
a_star,0.8364434242248535,52,589,0.4
a_star,0.9440209865570068,59,1296,0.4
a_star,0.24010872840881348,15,288,0.4
a_star,0.5766563415527344,36,1440,0.4
bfs,0.5972154140472412,37,684,0.4
bfs,1.2665367126464844,79,1125,0.4
bfs,0.8674726486206055,54,1363,0.4
bfs,0.5476720333099365,34,476,0.4
bfs,0.17729711532592773,11,416,0.4
dfs,1.2894716262817383,80,714,0.4
dfs,1.2510757446289062,78,616,0.4
dfs,2.3688392639160156,147,1428,0.4
dfs,0.7868266105651855,49,280,0.4
dfs,0.38403820991516113,24,304,0.4
bell_ford,0.44971585273742676,20,720,0.4
bell_ford,1.3134326934814453,66,961,0.4
bell_ford,1.2345929145812988,44,1462,0.4
bell_ford,0.22997641563415527,14,247,0.4
bell_ford,2.0415101051330566,74,1665,0.4
a_star,0.5133140087127686,32,400,0.05
a_star,0.6129965782165527,38,792,0.4
a_star,1.5770764350891113,98,1406,0.4
a_star,0.28720808029174805,18,700,0.4
a_star,0.38419485092163086,24,380,0.4
bfs,0.5483088493347168,34,585,0.4
bfs,0.6415917873382568,40,912,0.4
bfs,0.7870733737945557,49,1190,0.4
bfs,0.447873592376709,28,442,0.4
bfs,1.1581354141235352,72,1333,0.4
dfs,1.2536349296569824,78,578,0.4
dfs,1.9508209228515625,121,1122,0.4
dfs,0.2247316837310791,14,252,0.4
dfs,0.9136719703674316,57,1332,0.4
dfs,1.9603452682495117,122,891,0.4
bell_ford,0.3377847671508789,19,429,0.4
bell_ford,0.5770537853240967,30,650,0.4
bell_ford,1.814560890197754,77,1443,0.4
bell_ford,0.6362206935882568,27,860,0.4
bell_ford,0.5577189922332764,29,630,0.4
a_star,0.5122442245483398,32,400,0.05
a_star,0.48320794105529785,30,440,0.4
a_star,0.6251935958862305,39,1320,0.4
a_star,0.1916947364807129,12,396,0.4
a_star,0.8226280212402344,51,1470,0.4
bfs,1.0093302726745605,63,1190,0.4
bfs,0.5441024303436279,34,760,0.4
bfs,0.36788415908813477,23,800,0.4
bfs,1.011549949645996,63,1880,0.4
bfs,0.7407701015472412,46,630,0.4
dfs,1.6375737190246582,102,1058,0.4
dfs,2.0254271030426025,126,1700,0.4
dfs,1.2748327255249023,79,310,0.4
dfs,0.6431927680969238,40,252,0.4
dfs,1.0131638050079346,63,451,0.4
bell_ford,1.423415184020996,59,1344,0.4
bell_ford,0.8779551982879639,41,925,0.4
bell_ford,0.8532540798187256,47,612,0.4
bell_ford,1.3099431991577148,45,1400,0.4
bell_ford,1.3864326477050781,54,1269,0.4
a_star,0.5939366817474365,37,400,0.05
a_star,0.884476900100708,55,988,0.4
a_star,1.0033409595489502,62,1156,0.4
a_star,0.8701655864715576,54,884,0.4
a_star,0.9364440441131592,58,1645,0.4
bfs,0.2587771415710449,16,264,0.4
bfs,0.16099071502685547,10,168,0.4
bfs,0.5917294025421143,37,1326,0.4
bfs,1.9605906009674072,122,2205,0.4
bfs,0.3841884136199951,24,357,0.4
dfs,0.8360698223114014,52,368,0.4
dfs,0.4656028747558594,29,352,0.4
dfs,0.947812557220459,59,1044,0.4
dfs,1.6269564628601074,101,1248,0.4
dfs,0.575963020324707,36,450,0.4
bell_ford,0.9428894519805908,33,1376,0.4
bell_ford,1.009596347808838,42,1188,0.4
bell_ford,1.4994049072265625,53,1536,0.4
bell_ford,0.2495887279510498,9,672,0.4
bell_ford,1.4121887683868408,49,1504,0.4
a_star,0.3386240005493164,21,400,0.05
a_star,0.3831486701965332,24,1014,0.4
a_star,0.6272656917572021,39,902,0.4
a_star,0.1913585662841797,12,132,0.4
a_star,1.547422170639038,96,1748,0.4
bfs,0.1609652042388916,10,432,0.4
bfs,0.8995535373687744,56,1365,0.4
bfs,0.6566555500030518,41,1350,0.4
bfs,0.3535468578338623,22,481,0.4
bfs,0.6901993751525879,43,1380,0.4
dfs,5.011111497879028,311,2205,0.4
dfs,0.9815230369567871,61,408,0.4
dfs,0.4823906421661377,30,192,0.4
dfs,0.5827584266662598,36,375,0.4
dfs,0.626288890838623,39,1092,0.4
bell_ford,0.46512746810913086,28,312,0.4
bell_ford,0.43095922470092773,26,255,0.4
bell_ford,1.4576613903045654,74,900,0.4
bell_ford,0.6191377639770508,37,361,0.4
bell_ford,0.9452292919158936,28,1386,0.4
a_star,0.40143346786499023,25,400,0.05
a_star,0.04862070083618164,3,30,0.25
a_star,0.06450152397155762,4,30,0.1
a_star,0.17593932151794434,11,70,0.1
a_star,0.20809149742126465,13,72,0.05
bfs,0.11382865905761719,7,42,0.25
bfs,0.1605243682861328,10,72,0.4
bfs,0.048284053802490234,3,35,0.25
bfs,0.09616279602050781,6,35,0.1
bfs,0.04863595962524414,3,40,0.1
dfs,0.2717607021331787,17,36,0.05
dfs,0.6917288303375244,43,60,0.1
dfs,0.9167425632476807,57,90,0.05
dfs,0.5123910903930664,32,80,0.25
dfs,0.1923074722290039,12,30,0.1
bell_ford,0.048850297927856445,3,48,0.25
bell_ford,0.0805959701538086,5,36,0.05
bell_ford,0.1444077491760254,9,56,0.1
bell_ford,0.14415907859802246,9,81,0.25
bell_ford,0.13031578063964844,8,80,0.05
a_star,0.547123908996582,34,400,0.05
a_star,0.09691047668457031,6,80,0.25
a_star,0.06513547897338867,4,30,0.05
a_star,0.12970471382141113,8,50,0.05
a_star,0.08046650886535645,5,42,0.1
bfs,0.09646439552307129,6,60,0.25
bfs,0.12877917289733887,8,56,0.05
bfs,0.09523534774780273,6,36,0.05
bfs,0.1443474292755127,9,70,0.4
bfs,0.09677743911743164,6,36,0.25
dfs,0.8541724681854248,53,80,0.1
dfs,0.6951127052307129,43,54,0.1
dfs,0.14480853080749512,9,45,0.25
dfs,0.40324902534484863,25,63,0.25
dfs,0.20888638496398926,13,49,0.25
bell_ford,0.12795281410217285,8,48,0.25
bell_ford,0.16003131866455078,10,40,0.1
bell_ford,0.08048176765441895,5,45,0.25
bell_ford,0.08019566535949707,5,45,0.1
bell_ford,0.15995550155639648,10,63,0.25
a_star,0.5314846038818359,33,400,0.05
a_star,0.1912059783935547,12,100,0.05
a_star,0.06445550918579102,4,50,0.1
a_star,0.0335078239440918,2,30,0.1
a_star,0.0804281234741211,5,30,0.05
a_star,0.1312544345855713,8,60,0.1
a_star,0.1766655445098877,11,90,0.1
a_star,0.17752838134765625,11,80,0.1
a_star,0.207869291305542,13,81,0.25
a_star,0.1615304946899414,10,56,0.05
a_star,0.24095392227172852,15,72,0.25
a_star,0.25911498069763184,16,60,0.25
a_star,0.14519190788269043,9,45,0.25
a_star,0.09605526924133301,6,30,0.1
a_star,0.09740090370178223,6,50,0.4
a_star,0.19293713569641113,12,80,0.05
a_star,0.09673357009887695,6,35,0.4
a_star,0.11238718032836914,7,42,0.1
a_star,0.1436762809753418,9,70,0.4
a_star,0.08034896850585938,5,35,0.05
a_star,0.17769336700439453,11,72,0.05
a_star,0.09653973579406738,6,45,0.05
a_star,0.1790311336517334,11,64,0.1
a_star,0.12878155708312988,8,56,0.05
a_star,0.047571659088134766,3,50,0.25
bfs,0.1456449031829834,9,81,0.1
bfs,0.1448345184326172,9,70,0.4
bfs,0.1284501552581787,8,63,0.05
bfs,0.06379270553588867,4,30,0.1
bfs,0.14430999755859375,9,45,0.4
bfs,0.09700202941894531,6,48,0.1
bfs,0.1456449031829834,9,48,0.05
bfs,0.08063220977783203,5,50,0.05
bfs,0.13019204139709473,8,35,0.1
bfs,0.1280372142791748,8,48,0.1
bfs,0.1439838409423828,9,90,0.1
bfs,0.11302924156188965,7,56,0.05
bfs,0.12812566757202148,8,50,0.1
bfs,0.14416050910949707,9,49,0.05
bfs,0.11260652542114258,7,60,0.05
bfs,0.11212158203125,7,30,0.4
bfs,0.032726287841796875,2,50,0.05
bfs,0.1453087329864502,9,50,0.25
bfs,0.14422392845153809,9,81,0.05
bfs,0.20946979522705078,13,56,0.4
bfs,0.14734339714050293,9,50,0.1
bfs,0.09675002098083496,6,63,0.1
bfs,0.2244586944580078,14,90,0.05
bfs,0.06490874290466309,4,40,0.05
bfs,0.14428114891052246,9,64,0.1
dfs,0.7783517837524414,48,64,0.1
dfs,0.6762673854827881,42,64,0.1
dfs,0.6780679225921631,42,90,0.05
dfs,0.5000548362731934,31,42,0.05
dfs,0.7916386127471924,49,63,0.1
dfs,1.08266282081604,67,100,0.05
dfs,0.5168368816375732,32,40,0.05
dfs,0.48439526557922363,30,40,0.1
dfs,0.33588314056396484,21,30,0.05
dfs,0.8059806823730469,50,56,0.05
dfs,1.0452547073364258,65,81,0.05
dfs,0.5303640365600586,33,50,0.1
dfs,0.4692213535308838,29,56,0.05
dfs,0.22477197647094727,14,42,0.25
dfs,0.4046809673309326,25,42,0.1
dfs,0.3198697566986084,20,63,0.25
dfs,0.39971256256103516,25,50,0.1
dfs,0.21004652976989746,13,40,0.25
dfs,0.5767652988433838,36,50,0.05
dfs,0.5153992176055908,32,60,0.05
dfs,0.4019019603729248,25,56,0.25
dfs,0.7627270221710205,47,70,0.1
dfs,0.32242512702941895,20,30,0.1
dfs,0.35556840896606445,22,54,0.25
dfs,0.28820300102233887,18,42,0.05
bell_ford,0.1280069351196289,8,56,0.05
bell_ford,0.09601402282714844,6,30,0.1
bell_ford,0.12874770164489746,8,35,0.1
bell_ford,0.0971062183380127,6,56,0.1
bell_ford,0.14563488960266113,9,45,0.1
bell_ford,0.1131584644317627,7,64,0.4
bell_ford,0.1288301944732666,8,35,0.1
bell_ford,0.0639336109161377,4,30,0.1
bell_ford,0.06392931938171387,4,36,0.25
bell_ford,0.24289274215698242,15,72,0.05
bell_ford,0.09715890884399414,6,48,0.1
bell_ford,0.06505537033081055,4,48,0.1
bell_ford,0.2570047378540039,16,54,0.4
bell_ford,0.09666156768798828,6,35,0.1
bell_ford,0.16132378578186035,10,80,0.05
bell_ford,0.11286664009094238,7,49,0.05
bell_ford,0.09624433517456055,6,60,0.05
bell_ford,0.09653377532958984,6,35,0.25
bell_ford,0.17615365982055664,11,54,0.25
bell_ford,0.04760408401489258,3,42,0.1
bell_ford,0.09695792198181152,6,63,0.25
bell_ford,0.12856578826904297,8,64,0.1
bell_ford,0.1456739902496338,9,100,0.1
bell_ford,0.2567272186279297,16,100,0.1
bell_ford,0.12959551811218262,8,63,0.1
a_star,0.5618143081665039,35,400,0.05
a_star,0.11384963989257812,7,40,0.1
a_star,0.09679198265075684,6,50,0.05
a_star,0.16175150871276855,10,90,0.1
a_star,0.3211095333099365,20,81,0.25
a_star,0.0807504653930664,5,45,0.05
a_star,0.19348835945129395,12,100,0.05
a_star,0.14433026313781738,9,72,0.1
a_star,0.1451282501220703,9,48,0.25
a_star,0.11213421821594238,7,70,0.05
a_star,0.0959932804107666,6,35,0.25
a_star,0.14554500579833984,9,70,0.25
a_star,0.09626054763793945,6,45,0.4
a_star,0.11402463912963867,7,56,0.05
a_star,0.09725809097290039,6,45,0.1
a_star,0.16001272201538086,10,48,0.05
a_star,0.17696404457092285,11,100,0.05
a_star,0.19463038444519043,12,70,0.1
a_star,0.2087109088897705,13,56,0.25
a_star,0.16237807273864746,10,48,0.4
a_star,0.19293665885925293,12,81,0.25
a_star,0.12913298606872559,8,60,0.1
a_star,0.1930227279663086,12,70,0.05
a_star,0.19236230850219727,12,80,0.05
a_star,0.143723726272583,9,30,0.25
bfs,0.11360406875610352,7,60,0.05
bfs,0.09599447250366211,6,40,0.25
bfs,0.07957720756530762,5,50,0.25
bfs,0.11314964294433594,7,63,0.05
bfs,0.14373064041137695,9,72,0.25
bfs,0.09638357162475586,6,36,0.05
bfs,0.1301569938659668,8,42,0.05
bfs,0.11224651336669922,7,45,0.1
bfs,0.09612512588500977,6,72,0.1
bfs,0.16071701049804688,10,40,0.25
bfs,0.16092181205749512,10,25,0.25
bfs,0.04834794998168945,3,35,0.4
bfs,0.08041119575500488,5,40,0.05
bfs,0.08094048500061035,5,60,0.05
bfs,0.12830090522766113,8,81,0.1
bfs,0.1635875701904297,10,90,0.05
bfs,0.17696809768676758,11,80,0.25
bfs,0.12787604331970215,8,42,0.4
bfs,0.09671235084533691,6,54,0.25
bfs,0.0963602066040039,6,50,0.05
bfs,0.12917232513427734,8,45,0.4
bfs,0.0320582389831543,2,25,0.1
bfs,0.08160018920898438,5,80,0.25
bfs,0.11285018920898438,7,81,0.1
bfs,0.11281347274780273,7,60,0.4
dfs,0.5313117504119873,33,49,0.05
dfs,0.2889578342437744,18,54,0.4
dfs,1.0776267051696777,67,100,0.05
dfs,0.15978527069091797,10,48,0.4
dfs,0.2881639003753662,18,36,0.05
dfs,0.22419476509094238,14,54,0.25
dfs,0.12906789779663086,8,45,0.4
dfs,0.20835542678833008,13,90,0.4
dfs,0.564159631729126,35,90,0.1
dfs,0.6893846988677979,43,60,0.05
dfs,0.3688042163848877,23,35,0.1
dfs,0.3998298645019531,25,30,0.1
dfs,0.8563356399536133,53,70,0.05
dfs,0.7931606769561768,49,80,0.1
dfs,0.46876978874206543,29,54,0.05
dfs,0.43371129035949707,27,35,0.05
dfs,0.27304625511169434,17,30,0.05
dfs,0.3881244659423828,24,49,0.05
dfs,0.6777448654174805,42,50,0.05
dfs,0.4850618839263916,30,36,0.05
dfs,0.9174344539642334,57,72,0.1
dfs,0.8070356845855713,50,90,0.1
dfs,0.4029257297515869,25,30,0.05
dfs,0.3740692138671875,23,56,0.1
dfs,0.42305755615234375,26,35,0.05
bell_ford,0.14522552490234375,9,49,0.05
bell_ford,0.1289970874786377,8,50,0.1
bell_ford,0.1763439178466797,11,72,0.1
bell_ford,0.14341497421264648,9,45,0.25
bell_ford,0.09609603881835938,6,54,0.25
bell_ford,0.09642624855041504,6,48,0.25
bell_ford,0.1604921817779541,10,63,0.1
bell_ford,0.09634780883789062,6,48,0.05
bell_ford,0.11301851272583008,7,54,0.1
bell_ford,0.12788152694702148,8,45,0.1
bell_ford,0.17686152458190918,11,90,0.1
bell_ford,0.1290144920349121,8,49,0.05
bell_ford,0.08018374443054199,5,64,0.05
bell_ford,0.14481830596923828,9,50,0.25
bell_ford,0.06446480751037598,4,54,0.05
bell_ford,0.1598973274230957,10,70,0.05
bell_ford,0.17818570137023926,11,72,0.1
bell_ford,0.12926578521728516,8,72,0.1
bell_ford,0.11439657211303711,7,70,0.1
bell_ford,0.11212325096130371,7,64,0.25
bell_ford,0.11219024658203125,7,42,0.25
bell_ford,0.1281421184539795,8,81,0.25
bell_ford,0.04864335060119629,3,25,0.25
bell_ford,0.1784656047821045,11,63,0.05
bell_ford,0.09671807289123535,6,50,0.25
a_star,0.4817931652069092,30,400,0.05
a_star,0.19155216217041016,12,120,0.05
a_star,0.1603851318359375,10,210,0.05
a_star,0.37146592140197754,23,210,0.05
a_star,0.3216521739959717,20,165,0.4
a_star,0.25701212882995605,16,168,0.05
a_star,0.25774478912353516,16,143,0.25
a_star,0.27124667167663574,17,165,0.05
a_star,0.22482061386108398,14,169,0.05
a_star,0.14523053169250488,9,182,0.1
a_star,0.1601426601409912,10,165,0.05
a_star,0.24048352241516113,15,165,0.1
a_star,0.29025840759277344,18,130,0.1
a_star,0.20909500122070312,13,169,0.1
a_star,0.2086944580078125,13,150,0.1
a_star,0.17572379112243652,11,165,0.25
a_star,0.2261354923248291,14,156,0.1
a_star,0.20920467376708984,13,165,0.05
a_star,0.3058171272277832,19,182,0.1
a_star,0.16195082664489746,10,154,0.05
a_star,0.32164549827575684,20,182,0.25
a_star,0.22437095642089844,14,165,0.05
a_star,0.12796425819396973,8,130,0.05
a_star,0.21171927452087402,13,110,0.05
a_star,0.19242572784423828,12,156,0.05
bfs,0.1280829906463623,8,180,0.05
bfs,0.2405710220336914,15,180,0.05
bfs,0.16172552108764648,10,110,0.25
bfs,0.2402796745300293,15,110,0.25
bfs,0.24197602272033691,15,154,0.1
bfs,0.3729391098022461,23,195,0.05
bfs,0.1765449047088623,11,110,0.05
bfs,0.20982837677001953,13,130,0.4
bfs,0.3533790111541748,22,165,0.25
bfs,0.4351623058319092,27,182,0.25
bfs,0.1610398292541504,10,143,0.05
bfs,0.1626129150390625,10,143,0.25
bfs,0.20888566970825195,13,180,0.05
bfs,0.2104935646057129,13,121,0.05
bfs,0.22384929656982422,14,130,0.05
bfs,0.28975439071655273,18,150,0.25
bfs,0.25809597969055176,16,120,0.1
bfs,0.2756330966949463,17,210,0.05
bfs,0.2409825325012207,15,165,0.25
bfs,0.1445293426513672,9,120,0.25
bfs,0.14593029022216797,9,180,0.1
bfs,0.1291670799255371,8,156,0.05
bfs,0.13149261474609375,8,100,0.1
bfs,0.24123787879943848,15,168,0.1
bfs,0.22454333305358887,14,150,0.4
dfs,1.898350477218628,118,154,0.05
dfs,1.1281752586364746,70,168,0.25
dfs,1.5684387683868408,97,144,0.05
dfs,0.6288669109344482,39,182,0.25
dfs,1.6430177688598633,102,132,0.05
dfs,1.838371753692627,114,195,0.05
dfs,1.1083369255065918,69,144,0.1
dfs,0.9204668998718262,57,182,0.25
dfs,1.8072800636291504,112,150,0.05
dfs,0.33910226821899414,21,110,0.25
dfs,1.9234623908996582,119,169,0.1
dfs,1.2278435230255127,76,150,0.1
dfs,0.8056683540344238,50,210,0.25
dfs,1.6313974857330322,101,150,0.1
dfs,0.6112923622131348,38,140,0.25
dfs,0.7882061004638672,49,165,0.4
dfs,1.272083044052124,79,100,0.05
dfs,0.6118676662445068,38,110,0.25
dfs,0.7753229141235352,48,140,0.25
dfs,1.4922361373901367,93,195,0.25
dfs,1.0650572776794434,66,168,0.25
dfs,0.160844087600708,10,168,0.4
dfs,1.7870664596557617,111,225,0.05
dfs,1.208632230758667,75,130,0.1
dfs,0.40200304985046387,25,156,0.4
bell_ford,0.20841050148010254,13,110,0.05
bell_ford,0.19869518280029297,12,210,0.25
bell_ford,0.11874675750732422,7,169,0.05
bell_ford,0.17806458473205566,11,140,0.05
bell_ford,0.1449596881866455,9,143,0.25
bell_ford,0.22800159454345703,14,100,0.1
bell_ford,0.38621997833251953,24,140,0.25
bell_ford,0.2612149715423584,16,130,0.1
bell_ford,0.19447755813598633,12,143,0.05
bell_ford,0.19377589225769043,12,156,0.4
bell_ford,0.14426088333129883,9,150,0.25
bell_ford,0.2623779773712158,16,210,0.25
bell_ford,0.18060660362243652,11,121,0.1
bell_ford,0.17595720291137695,11,130,0.25
bell_ford,0.24057793617248535,15,150,0.25
bell_ford,0.13494610786437988,8,168,0.1
bell_ford,0.23945951461791992,15,150,0.25
bell_ford,0.22650980949401855,14,165,0.25
bell_ford,0.2602100372314453,16,100,0.25
bell_ford,0.19194769859313965,12,132,0.25
bell_ford,0.21146893501281738,13,168,0.1
bell_ford,0.3742656707763672,23,140,0.4
bell_ford,0.2998499870300293,18,195,0.05
bell_ford,0.2903447151184082,18,180,0.25
bell_ford,0.19132065773010254,12,110,0.1
a_star,0.43425941467285156,27,400,0.05
a_star,0.4662320613861084,29,483,0.4
a_star,0.30594873428344727,19,483,0.05
a_star,0.2899191379547119,18,306,0.1
a_star,0.6097114086151123,38,720,0.1
a_star,0.9325294494628906,58,420,0.4
a_star,0.19319868087768555,12,323,0.05
a_star,0.19343829154968262,12,306,0.25
a_star,0.1920175552368164,12,418,0.1
a_star,0.5615832805633545,35,624,0.05
a_star,0.5628190040588379,35,870,0.05
a_star,0.49861812591552734,31,630,0.1
a_star,0.43802881240844727,27,567,0.1
a_star,0.21011042594909668,13,400,0.05
a_star,0.24121379852294922,15,484,0.1
a_star,0.3052196502685547,19,459,0.05
a_star,0.44885730743408203,28,780,0.1
a_star,0.4019646644592285,25,600,0.1
a_star,0.24118876457214355,15,650,0.05
a_star,0.22804832458496094,14,420,0.05
a_star,0.6970672607421875,43,464,0.4
a_star,0.43729519844055176,27,390,0.1
a_star,0.7425487041473389,46,624,0.4
a_star,0.5939397811889648,37,672,0.1
a_star,0.4012308120727539,25,840,0.1
a_star,0.46823549270629883,29,588,0.1
a_star,0.3718111515045166,23,437,0.25
a_star,0.44869494438171387,28,384,0.05
a_star,0.3208119869232178,20,288,0.25
a_star,0.43485021591186523,27,480,0.05
a_star,0.3060140609741211,19,870,0.05
a_star,0.4998128414154053,31,432,0.25
a_star,0.43930530548095703,27,459,0.4
a_star,0.5634188652038574,35,575,0.25
a_star,0.48155713081359863,30,754,0.05
a_star,0.46757054328918457,29,352,0.05
a_star,0.5006527900695801,31,504,0.25
a_star,0.3058969974517822,19,432,0.05
a_star,0.53373122215271,33,528,0.25
a_star,0.2405545711517334,15,408,0.05
a_star,0.499025821685791,31,528,0.05
a_star,0.6654932498931885,41,750,0.05
a_star,0.3549323081970215,22,520,0.1
a_star,0.48221611976623535,30,315,0.25
a_star,0.482452392578125,30,600,0.1
a_star,0.30593037605285645,19,300,0.05
a_star,0.3713712692260742,23,783,0.05
a_star,0.4538075923919678,28,540,0.1
a_star,0.40006589889526367,25,780,0.05
a_star,0.36949729919433594,23,418,0.1
bfs,0.2898247241973877,18,255,0.05
bfs,0.5145778656005859,32,432,0.05
bfs,0.5329453945159912,33,425,0.1
bfs,0.4208409786224365,26,783,0.05
bfs,0.370136022567749,23,342,0.1
bfs,0.3518407344818115,22,462,0.1
bfs,0.3694281578063965,23,650,0.05
bfs,0.4527413845062256,28,598,0.25
bfs,0.46629929542541504,29,532,0.05
bfs,0.3392016887664795,21,396,0.1
bfs,0.322160005569458,20,342,0.25
bfs,0.38466382026672363,24,390,0.05
bfs,0.3069744110107422,19,396,0.05
bfs,0.5633640289306641,35,650,0.25
bfs,0.48410558700561523,30,480,0.1
bfs,0.45147085189819336,28,810,0.25
bfs,0.5306098461151123,33,754,0.1
bfs,0.7257342338562012,45,756,0.4
bfs,0.35236644744873047,22,506,0.1
bfs,0.4004402160644531,25,725,0.1
bfs,0.43224287033081055,27,621,0.05
bfs,0.4347503185272217,27,425,0.05
bfs,0.1924436092376709,12,588,0.05
bfs,0.30730628967285156,19,600,0.05
bfs,0.25960397720336914,16,550,0.05
bfs,0.3547065258026123,22,870,0.1
bfs,0.46758198738098145,29,414,0.1
bfs,0.353196382522583,22,810,0.05
bfs,0.2592639923095703,16,384,0.05
bfs,0.5125565528869629,32,506,0.25
bfs,0.4998483657836914,31,648,0.1
bfs,0.4338972568511963,27,754,0.05
bfs,0.5321574211120605,33,420,0.25
bfs,0.3400096893310547,21,285,0.05
bfs,0.41815900802612305,26,621,0.05
bfs,0.40192198753356934,25,520,0.1
bfs,0.5469036102294922,34,408,0.25
bfs,0.20919132232666016,13,418,0.1
bfs,0.48344850540161133,30,420,0.4
bfs,0.5484898090362549,34,672,0.1
bfs,0.38645243644714355,24,391,0.4
bfs,0.48178529739379883,30,700,0.1
bfs,0.3542485237121582,22,357,0.05
bfs,0.20948505401611328,13,418,0.1
bfs,0.35632848739624023,22,460,0.05
bfs,0.6576492786407471,41,696,0.25
bfs,0.6286468505859375,39,754,0.25
bfs,0.5000739097595215,31,520,0.25
bfs,0.5286216735839844,33,360,0.05
bfs,0.5328762531280518,33,504,0.05
dfs,6.0741283893585205,377,459,0.05
dfs,0.9485418796539307,59,464,0.4
dfs,7.002913475036621,434,528,0.05
dfs,1.419783592224121,88,396,0.4
dfs,4.078563928604126,253,399,0.1
dfs,1.7845897674560547,111,841,0.4
dfs,5.9754638671875,370,522,0.1
dfs,3.9501538276672363,245,551,0.25
dfs,2.3622477054595947,146,390,0.25
dfs,6.59596061706543,409,750,0.05
dfs,5.075475215911865,314,378,0.05
dfs,1.2765493392944336,79,330,0.25
dfs,2.932278871536255,182,360,0.25
dfs,5.625638961791992,349,480,0.1
dfs,2.3279871940612793,144,315,0.1
dfs,4.173238039016724,259,702,0.25
dfs,3.110872745513916,193,288,0.05
dfs,5.125003337860107,318,450,0.1
dfs,1.6293408870697021,101,460,0.25
dfs,3.6943588256835938,229,598,0.25
dfs,7.263818025588989,451,522,0.05
dfs,2.9926939010620117,186,336,0.05
dfs,5.437137126922607,337,500,0.05
dfs,4.037322759628296,251,540,0.05
dfs,3.549647092819214,221,323,0.1
dfs,3.2383058071136475,201,345,0.05
dfs,3.1643893718719482,196,522,0.05
dfs,8.077372789382935,501,660,0.05
dfs,6.0980260372161865,379,480,0.05
dfs,7.964914798736572,494,700,0.05
dfs,8.004446268081665,496,720,0.1
dfs,7.219972133636475,448,520,0.05
dfs,5.494813919067383,341,396,0.05
dfs,8.031418323516846,498,756,0.1
dfs,6.0600950717926025,376,690,0.05
dfs,4.404931545257568,273,361,0.05
dfs,4.081990003585815,253,462,0.1
dfs,2.474970579147339,154,493,0.25
dfs,3.1312334537506104,194,462,0.25
dfs,0.9174816608428955,57,323,0.25
dfs,3.1015212535858154,192,475,0.1
dfs,3.39133358001709,210,486,0.25
dfs,10.246581792831421,637,900,0.1
dfs,2.871610403060913,178,324,0.1
dfs,2.3000032901763916,143,609,0.25
dfs,4.405760288238525,273,425,0.1
dfs,3.9964494705200195,248,342,0.05
dfs,3.5457992553710938,220,552,0.25
dfs,5.631719589233398,350,667,0.1
dfs,6.237063407897949,387,696,0.05
bell_ford,0.39136552810668945,18,400,0.05
bell_ford,0.5306870937347412,23,525,0.1
bell_ford,0.5273010730743408,31,380,0.4
bell_ford,0.9332101345062256,44,729,0.25
bell_ford,0.2659912109375,15,240,0.1
bell_ford,0.6735095977783203,29,572,0.1
bell_ford,0.513164758682251,24,441,0.05
bell_ford,0.7776913642883301,37,624,0.25
bell_ford,0.2900862693786621,13,391,0.1
bell_ford,0.9224932193756104,33,725,0.05
bell_ford,0.3824145793914795,19,380,0.1
bell_ford,0.5165972709655762,29,375,0.25
bell_ford,0.4104044437408447,19,432,0.1
bell_ford,0.6959741115570068,36,448,0.1
bell_ford,0.7413785457611084,26,728,0.1
bell_ford,0.9155449867248535,38,648,0.05
bell_ford,0.8379802703857422,41,510,0.05
bell_ford,0.5392789840698242,29,442,0.25
bell_ford,0.6324770450592041,32,528,0.25
bell_ford,0.8229043483734131,30,690,0.05
bell_ford,0.3068413734436035,12,425,0.05
bell_ford,0.33989620208740234,19,272,0.1
bell_ford,0.6476504802703857,22,648,0.05
bell_ford,0.7023537158966064,29,616,0.1
bell_ford,0.41201353073120117,14,528,0.05
bell_ford,0.6323347091674805,19,696,0.05
bell_ford,0.6421499252319336,30,486,0.05
bell_ford,0.8874485492706299,29,780,0.05
bell_ford,0.7286040782928467,39,510,0.25
bell_ford,0.3199441432952881,14,399,0.05
bell_ford,0.2970433235168457,15,320,0.1
bell_ford,0.5067105293273926,27,368,0.1
bell_ford,0.3621175289154053,17,378,0.05
bell_ford,0.2874941825866699,15,289,0.05
bell_ford,0.44151878356933594,16,513,0.05
bell_ford,0.5957896709442139,30,528,0.25
bell_ford,0.2742300033569336,10,450,0.1
bell_ford,0.5924825668334961,27,494,0.05
bell_ford,0.45641064643859863,21,441,0.05
bell_ford,0.4618709087371826,24,330,0.05
bell_ford,0.5058994293212891,26,400,0.1
bell_ford,0.3301546573638916,15,380,0.05
bell_ford,0.3477964401245117,16,391,0.1
bell_ford,0.8237535953521729,35,784,0.25
bell_ford,0.39374589920043945,18,416,0.05
bell_ford,0.6204087734222412,25,594,0.1
bell_ford,0.5038776397705078,21,504,0.05
bell_ford,0.6880335807800293,25,638,0.05
bell_ford,0.5077252388000488,19,567,0.1
bell_ford,0.624500036239624,33,484,0.25
